{"GB-UKC":{"area_id":"GB-UKC","name":"North East"},"GB-UKD":{"area_id":"GB-UKD","name":"North West"},"GB-UKE":{"area_id":"GB-UKE","name":"Yorkshire and the Humber"},"GB-UKF":{"area_id":"GB-UKF","name":"East Midlands"},"GB-UKG":{"area_id":"GB-UKG","name":"West Midlands"},"GB-UKH":{"area_id":"GB-UKH","name":"East of England"},"GB-UKI":{"area_id":"GB-UKI","name":"Greater London"},"GB-UKL":{"area_id":"GB-UKL","name":"Wales"},"GB-UKK":{"area_id":"GB-UKK","name":"South West"},"GB-UKM":{"area_id":"GB-UKM","name":"Scotland"},"GB-UKN":{"area_id":"GB-UKN","name":"Northern Ireland"},"GG-GG":{"area_id":"GG-GG","name":"Guernsey"},"JE-JE":{"area_id":"JE-JE","name":"Jersey"},"IM-IM":{"area_id":"IM-IM","name":"Isle of Man"},"IE-IE":{"area_id":"IE-IE","name":"Republic of Ireland"},"GB-UKJ":{"area_id":"GB-UKJ","name":"South East"}}